{"assets/fonts/sf pro/SF-Pro-Display-Black.otf":["assets/fonts/sf pro/SF-Pro-Display-Black.otf"],"assets/fonts/sf pro/SF-Pro-Display-BlackItalic.otf":["assets/fonts/sf pro/SF-Pro-Display-BlackItalic.otf"],"assets/fonts/sf pro/SF-Pro-Display-Bold.otf":["assets/fonts/sf pro/SF-Pro-Display-Bold.otf"],"assets/fonts/sf pro/SF-Pro-Display-BoldItalic.otf":["assets/fonts/sf pro/SF-Pro-Display-BoldItalic.otf"],"assets/fonts/sf pro/SF-Pro-Display-Heavy.otf":["assets/fonts/sf pro/SF-Pro-Display-Heavy.otf"],"assets/fonts/sf pro/SF-Pro-Display-HeavyItalic.otf":["assets/fonts/sf pro/SF-Pro-Display-HeavyItalic.otf"],"assets/fonts/sf pro/SF-Pro-Display-Light.otf":["assets/fonts/sf pro/SF-Pro-Display-Light.otf"],"assets/fonts/sf pro/SF-Pro-Display-LightItalic.otf":["assets/fonts/sf pro/SF-Pro-Display-LightItalic.otf"],"assets/fonts/sf pro/SF-Pro-Display-Medium.otf":["assets/fonts/sf pro/SF-Pro-Display-Medium.otf"],"assets/fonts/sf pro/SF-Pro-Display-MediumItalic.otf":["assets/fonts/sf pro/SF-Pro-Display-MediumItalic.otf"],"assets/fonts/sf pro/SF-Pro-Display-Regular.otf":["assets/fonts/sf pro/SF-Pro-Display-Regular.otf"],"assets/fonts/sf pro/SF-Pro-Display-RegularItalic.otf":["assets/fonts/sf pro/SF-Pro-Display-RegularItalic.otf"],"assets/fonts/sf pro/SF-Pro-Display-Semibold.otf":["assets/fonts/sf pro/SF-Pro-Display-Semibold.otf"],"assets/fonts/sf pro/SF-Pro-Display-SemiboldItalic.otf":["assets/fonts/sf pro/SF-Pro-Display-SemiboldItalic.otf"],"assets/fonts/sf pro/SF-Pro-Display-Thin.otf":["assets/fonts/sf pro/SF-Pro-Display-Thin.otf"],"assets/fonts/sf pro/SF-Pro-Display-ThinItalic.otf":["assets/fonts/sf pro/SF-Pro-Display-ThinItalic.otf"],"assets/fonts/sf pro/SF-Pro-Display-Ultralight.otf":["assets/fonts/sf pro/SF-Pro-Display-Ultralight.otf"],"assets/fonts/sf pro/SF-Pro-Display-UltralightItalic.otf":["assets/fonts/sf pro/SF-Pro-Display-UltralightItalic.otf"],"assets/images/AppIcon.png":["assets/images/AppIcon.png"],"assets/images/pattern.jpg":["assets/images/pattern.jpg"],"assets/images/splash.png":["assets/images/splash.png"],"assets/lotties/dead.json":["assets/lotties/dead.json"],"assets/lotties/happy.json":["assets/lotties/happy.json"],"assets/lotties/loading.json":["assets/lotties/loading.json"],"assets/sound/tap.mp3":["assets/sound/tap.mp3"],"packages/cupertino_icons/assets/CupertinoIcons.ttf":["packages/cupertino_icons/assets/CupertinoIcons.ttf"],"packages/font_awesome_flutter/lib/fonts/fa-brands-400.ttf":["packages/font_awesome_flutter/lib/fonts/fa-brands-400.ttf"],"packages/font_awesome_flutter/lib/fonts/fa-regular-400.ttf":["packages/font_awesome_flutter/lib/fonts/fa-regular-400.ttf"],"packages/font_awesome_flutter/lib/fonts/fa-solid-900.ttf":["packages/font_awesome_flutter/lib/fonts/fa-solid-900.ttf"]}