[{"family":"MaterialIcons","fonts":[{"asset":"fonts/MaterialIcons-Regular.otf"}]},{"family":"SF Pro","fonts":[{"weight":100,"asset":"assets/fonts/sf%20pro/SF-Pro-Display-Ultralight.otf"},{"weight":100,"style":"italic","asset":"assets/fonts/sf%20pro/SF-Pro-Display-UltralightItalic.otf"},{"weight":200,"asset":"assets/fonts/sf%20pro/SF-Pro-Display-Thin.otf"},{"weight":200,"style":"italic","asset":"assets/fonts/sf%20pro/SF-Pro-Display-ThinItalic.otf"},{"weight":300,"asset":"assets/fonts/sf%20pro/SF-Pro-Display-Light.otf"},{"weight":300,"style":"italic","asset":"assets/fonts/sf%20pro/SF-Pro-Display-LightItalic.otf"},{"weight":400,"asset":"assets/fonts/sf%20pro/SF-Pro-Display-Medium.otf"},{"weight":400,"style":"italic","asset":"assets/fonts/sf%20pro/SF-Pro-Display-MediumItalic.otf"},{"weight":500,"asset":"assets/fonts/sf%20pro/SF-Pro-Display-Regular.otf"},{"weight":500,"style":"italic","asset":"assets/fonts/sf%20pro/SF-Pro-Display-RegularItalic.otf"},{"weight":600,"asset":"assets/fonts/sf%20pro/SF-Pro-Display-Semibold.otf"},{"weight":600,"asset":"assets/fonts/sf%20pro/SF-Pro-Display-SemiboldItalic.otf"},{"weight":700,"asset":"assets/fonts/sf%20pro/SF-Pro-Display-Bold.otf"},{"weight":700,"style":"italic","asset":"assets/fonts/sf%20pro/SF-Pro-Display-BoldItalic.otf"},{"weight":800,"asset":"assets/fonts/sf%20pro/SF-Pro-Display-Heavy.otf"},{"weight":800,"style":"italic","asset":"assets/fonts/sf%20pro/SF-Pro-Display-HeavyItalic.otf"},{"weight":900,"asset":"assets/fonts/sf%20pro/SF-Pro-Display-Black.otf"},{"weight":900,"style":"italic","asset":"assets/fonts/sf%20pro/SF-Pro-Display-BlackItalic.otf"}]},{"family":"packages/cupertino_icons/CupertinoIcons","fonts":[{"asset":"packages/cupertino_icons/assets/CupertinoIcons.ttf"}]},{"family":"packages/font_awesome_flutter/FontAwesomeBrands","fonts":[{"weight":400,"asset":"packages/font_awesome_flutter/lib/fonts/fa-brands-400.ttf"}]},{"family":"packages/font_awesome_flutter/FontAwesomeRegular","fonts":[{"weight":400,"asset":"packages/font_awesome_flutter/lib/fonts/fa-regular-400.ttf"}]},{"family":"packages/font_awesome_flutter/FontAwesomeSolid","fonts":[{"weight":900,"asset":"packages/font_awesome_flutter/lib/fonts/fa-solid-900.ttf"}]}]