{"nm":"Ã¨Â¡Â¨Ã¦ÂÂtest","ddd":0,"h":640,"w":640,"meta":{"g":"@lottiefiles/toolkit-js 0.33.2"},"layers":[{"ty":4,"nm":"Ã¢ÂÂeye-l/AEtestÃ¢ÂÂÃ¨Â½Â®Ã¥Â»Â","sr":1,"st":0,"op":100,"ip":0,"hd":false,"ddd":0,"bm":0,"hasMask":false,"ao":0,"ks":{"a":{"a":0,"k":[18.5,18.5,0],"ix":1},"s":{"a":1,"k":[{"o":{"x":0.167,"y":0.167},"i":{"x":0.667,"y":1},"s":[100,100,100],"t":0},{"o":{"x":0.167,"y":0.167},"i":{"x":0.833,"y":0.833},"s":[84,84,100],"t":16},{"o":{"x":0.333,"y":0},"i":{"x":0.667,"y":1},"s":[84,84,100],"t":30},{"o":{"x":0.167,"y":0.167},"i":{"x":0.833,"y":0.833},"s":[100,100,100],"t":45},{"o":{"x":0.167,"y":0.167},"i":{"x":0.833,"y":0.833},"s":[100,100,100],"t":59},{"s":[100,100,100],"t":85}],"ix":6},"sk":{"a":0,"k":0},"p":{"a":1,"k":[{"o":{"x":0.167,"y":0.167},"i":{"x":0.667,"y":1},"s":[237,275,0],"t":0,"ti":[-31.083,3,0],"to":[9.583,-5,0]},{"o":{"x":0.167,"y":0.167},"i":{"x":0.833,"y":0.833},"s":[294.5,245,0],"t":16,"ti":[0,0,0],"to":[0,0,0]},{"o":{"x":0.333,"y":0},"i":{"x":0.667,"y":1},"s":[294.5,245,0],"t":30,"ti":[13.333,-11.667,0],"to":[-62.833,11.667,0]},{"o":{"x":0.167,"y":0.167},"i":{"x":0.833,"y":0.833},"s":[214.5,315,0],"t":45,"ti":[0,0,0],"to":[0,0,0]},{"o":{"x":0.333,"y":0},"i":{"x":0.667,"y":1},"s":[214.5,315,0],"t":59,"ti":[-3.75,6.667,0],"to":[3.75,-6.667,0]},{"s":[237,275,0],"t":85}],"ix":2},"r":{"a":0,"k":0,"ix":10},"sa":{"a":0,"k":0},"o":{"a":0,"k":100,"ix":11}},"ef":[],"shapes":[{"ty":"gr","bm":0,"hd":false,"mn":"ADBE Vector Group","nm":"Ã§Â»Â 1","ix":1,"cix":2,"np":4,"it":[{"ty":"sh","bm":0,"hd":false,"mn":"ADBE Vector Shape - Group","nm":"Ã¨Â·Â¯Ã¥Â¾Â 1","ix":1,"d":1,"ks":{"a":0,"k":{"c":true,"i":[[0,-9.941],[9.941,0],[0,9.941],[-9.941,0]],"o":[[0,9.941],[-9.941,0],[0,-9.941],[9.941,0]],"v":[[18,0],[0,18],[-18,0],[0,-18]]},"ix":2}},{"ty":"fl","bm":0,"hd":false,"mn":"ADBE Vector Graphic - Fill","nm":"Ã¥Â¡Â«Ã¥ÂÂ 1","c":{"a":0,"k":[0.0667,0.0275,0.0078],"ix":4},"r":1,"o":{"a":0,"k":100,"ix":5}},{"ty":"tr","a":{"a":0,"k":[0,0],"ix":1},"s":{"a":0,"k":[100,100],"ix":3},"sk":{"a":0,"k":0,"ix":4},"p":{"a":0,"k":[18.25,18.25],"ix":2},"r":{"a":0,"k":0,"ix":6},"sa":{"a":0,"k":0,"ix":5},"o":{"a":0,"k":100,"ix":7}}]}],"ind":1},{"ty":4,"nm":"Ã¢ÂÂeye-r/AEtestÃ¢ÂÂÃ¨Â½Â®Ã¥Â»Â","sr":1,"st":0,"op":100,"ip":0,"hd":false,"ddd":0,"bm":0,"hasMask":false,"ao":0,"ks":{"a":{"a":0,"k":[18.5,18.5,0],"ix":1},"s":{"a":1,"k":[{"o":{"x":0.167,"y":0.167},"i":{"x":0.667,"y":1},"s":[100,100,100],"t":0},{"o":{"x":0.167,"y":0.167},"i":{"x":0.833,"y":0.833},"s":[78,78,100],"t":16},{"o":{"x":0.333,"y":0},"i":{"x":0.667,"y":1},"s":[78,78,100],"t":30},{"o":{"x":0.167,"y":0.167},"i":{"x":0.833,"y":0.833},"s":[100,100,100],"t":45},{"o":{"x":0.167,"y":0.167},"i":{"x":0.833,"y":0.833},"s":[100,100,100],"t":59},{"s":[100,100,100],"t":85}],"ix":6},"sk":{"a":0,"k":0},"p":{"a":1,"k":[{"o":{"x":0.167,"y":0.167},"i":{"x":0.667,"y":1},"s":[403,275,0],"t":0,"ti":[-3.417,15.25,0],"to":[-7.083,-38.25,0]},{"o":{"x":0.167,"y":0.167},"i":{"x":0.833,"y":0.833},"s":[414.5,201.5,0],"t":16,"ti":[0,0,0],"to":[0,0,0]},{"o":{"x":0.333,"y":0},"i":{"x":0.667,"y":1},"s":[414.5,201.5,0],"t":30,"ti":[6.833,-18.5,0],"to":[-70.833,13,0]},{"o":{"x":0.167,"y":0.167},"i":{"x":0.833,"y":0.833},"s":[319.5,279.5,0],"t":45,"ti":[0,0,0],"to":[0,0,0]},{"o":{"x":0.333,"y":0},"i":{"x":0.667,"y":1},"s":[319.5,279.5,0],"t":59,"ti":[-13.917,0.75,0],"to":[13.917,-0.75,0]},{"s":[403,275,0],"t":85}],"ix":2},"r":{"a":0,"k":0,"ix":10},"sa":{"a":0,"k":0},"o":{"a":0,"k":100,"ix":11}},"ef":[],"shapes":[{"ty":"gr","bm":0,"hd":false,"mn":"ADBE Vector Group","nm":"Ã§Â»Â 1","ix":1,"cix":2,"np":4,"it":[{"ty":"sh","bm":0,"hd":false,"mn":"ADBE Vector Shape - Group","nm":"Ã¨Â·Â¯Ã¥Â¾Â 1","ix":1,"d":1,"ks":{"a":0,"k":{"c":true,"i":[[0,-9.941],[9.941,0],[0,9.941],[-9.94,0]],"o":[[0,9.941],[-9.94,0],[0,-9.941],[9.941,0]],"v":[[18,0],[0,18],[-18,0],[0,-18]]},"ix":2}},{"ty":"fl","bm":0,"hd":false,"mn":"ADBE Vector Graphic - Fill","nm":"Ã¥Â¡Â«Ã¥ÂÂ 1","c":{"a":0,"k":[0.0667,0.0275,0.0078],"ix":4},"r":1,"o":{"a":0,"k":100,"ix":5}},{"ty":"tr","a":{"a":0,"k":[0,0],"ix":1},"s":{"a":0,"k":[100,100],"ix":3},"sk":{"a":0,"k":0,"ix":4},"p":{"a":0,"k":[18.25,18.25],"ix":2},"r":{"a":0,"k":0,"ix":6},"sa":{"a":0,"k":0,"ix":5},"o":{"a":0,"k":100,"ix":7}}]}],"ind":2},{"ty":4,"nm":"Ã¢ÂÂmouth/AEtestÃ¢ÂÂÃ¨Â½Â®Ã¥Â»Â","sr":1,"st":0,"op":100,"ip":0,"hd":false,"ddd":0,"bm":0,"hasMask":false,"ao":0,"ks":{"a":{"a":0,"k":[101.5,61.5,0],"ix":1},"s":{"a":1,"k":[{"o":{"x":0.167,"y":0.167},"i":{"x":0.667,"y":1},"s":[100,100,100],"t":0},{"o":{"x":0.167,"y":0.167},"i":{"x":0.833,"y":0.833},"s":[55.098,42.752,100],"t":16},{"o":{"x":0.33299999999999996,"y":0},"i":{"x":0.667,"y":1},"s":[55.098,42.752,100],"t":30},{"o":{"x":0.167,"y":0.167},"i":{"x":0.833,"y":0.833},"s":[31.249,40.03,100],"t":45},{"o":{"x":0.333,"y":0},"i":{"x":0.667,"y":1},"s":[31.249,40.03,100],"t":59},{"s":[100,100,100],"t":85}],"ix":6},"sk":{"a":0,"k":0},"p":{"a":1,"k":[{"o":{"x":0.167,"y":0.167},"i":{"x":0.667,"y":1},"s":[320,400,0],"t":0,"ti":[-12.833,11.5,0],"to":[12.833,-11.5,0]},{"o":{"x":0.167,"y":0.167},"i":{"x":0.833,"y":0.833},"s":[397,331,0],"t":16,"ti":[0,0,0],"to":[0,0,0]},{"o":{"x":0.333,"y":0},"i":{"x":0.667,"y":1},"s":[397,331,0],"t":30,"ti":[14.667,-9.333,0],"to":[-64.667,3.333,0]},{"o":{"x":0.167,"y":0.167},"i":{"x":0.833,"y":0.833},"s":[309,387,0],"t":45,"ti":[0,0,0],"to":[0,0,0]},{"o":{"x":0.333,"y":0},"i":{"x":0.667,"y":1},"s":[309,387,0],"t":59,"ti":[-1.833,-2.167,0],"to":[1.833,2.167,0]},{"s":[320,400,0],"t":85}],"ix":2},"r":{"a":1,"k":[{"o":{"x":0.167,"y":0.167},"i":{"x":0.667,"y":1},"s":[0],"t":0},{"o":{"x":0.333,"y":0},"i":{"x":0.667,"y":1},"s":[-25.438],"t":16},{"o":{"x":0.333,"y":0},"i":{"x":0.667,"y":1},"s":[-25.438],"t":30},{"s":[0],"t":85}],"ix":10},"sa":{"a":0,"k":0},"o":{"a":0,"k":100,"ix":11}},"ef":[],"shapes":[{"ty":"gr","bm":0,"hd":false,"mn":"ADBE Vector Group","nm":"Ã§Â»Â 1","ix":1,"cix":2,"np":4,"it":[{"ty":"sh","bm":0,"hd":false,"mn":"ADBE Vector Shape - Group","nm":"Ã¨Â·Â¯Ã¥Â¾Â 1","ix":1,"d":1,"ks":{"a":0,"k":{"c":true,"i":[[32.292,0],[17.547,-22.161],[-31.667,0],[-18.503,22.82]],"o":[[-32.292,0],[18.503,22.82],[31.667,0],[-17.547,-22.161]],"v":[[0,-37],[-78.426,-0.41],[0,37],[78.426,-0.41]]},"ix":2}},{"ty":"fl","bm":0,"hd":false,"mn":"ADBE Vector Graphic - Fill","nm":"Ã¥Â¡Â«Ã¥ÂÂ 1","c":{"a":0,"k":[0.8471,0.2353,0.1882],"ix":4},"r":1,"o":{"a":0,"k":100,"ix":5}},{"ty":"tr","a":{"a":0,"k":[0,0],"ix":1},"s":{"a":0,"k":[100,100],"ix":3},"sk":{"a":0,"k":0,"ix":4},"p":{"a":0,"k":[101.169,85.25],"ix":2},"r":{"a":0,"k":0,"ix":6},"sa":{"a":0,"k":0,"ix":5},"o":{"a":0,"k":100,"ix":7}}]},{"ty":"gr","bm":0,"hd":false,"mn":"ADBE Vector Group","nm":"Ã§Â»Â 2","ix":2,"cix":2,"np":4,"it":[{"ty":"sh","bm":0,"hd":false,"mn":"ADBE Vector Shape - Group","nm":"Ã¨Â·Â¯Ã¥Â¾Â 1","ix":1,"d":1,"ks":{"a":0,"k":{"c":true,"i":[[28.346,-6.205],[0.005,-5.486],[0,0],[-55.736,0],[0,55.736],[0,0],[5.36,1.173],[32.378,0]],"o":[[-5.36,1.173],[0,0],[0,55.736],[55.736,0],[0,0],[-0.005,-5.486],[-28.346,-6.205],[-32.377,0]],"v":[[-91.644,-51.378],[-100.919,-40.015],[-100.919,-39.919],[0,61],[100.919,-39.919],[100.919,-40.015],[91.644,-51.378],[0,-61]]},"ix":2}},{"ty":"fl","bm":0,"hd":false,"mn":"ADBE Vector Graphic - Fill","nm":"Ã¥Â¡Â«Ã¥ÂÂ 1","c":{"a":0,"k":[0.0667,0.0275,0.0078],"ix":4},"r":1,"o":{"a":0,"k":100,"ix":5}},{"ty":"tr","a":{"a":0,"k":[0,0],"ix":1},"s":{"a":0,"k":[100,100],"ix":3},"sk":{"a":0,"k":0,"ix":4},"p":{"a":0,"k":[101.169,61.25],"ix":2},"r":{"a":0,"k":0,"ix":6},"sa":{"a":0,"k":0,"ix":5},"o":{"a":0,"k":100,"ix":7}}]}],"ind":3},{"ty":4,"nm":"Ã¢ÂÂface/AEtestÃ¢ÂÂÃ¨Â½Â®Ã¥Â»Â","sr":1,"st":0,"op":100,"ip":0,"hd":false,"ddd":0,"bm":0,"hasMask":false,"ao":0,"ks":{"a":{"a":0,"k":[170.5,170.5,0],"ix":1},"s":{"a":0,"k":[100,100,100],"ix":6},"sk":{"a":0,"k":0},"p":{"a":0,"k":[320,320,0],"ix":2},"r":{"a":0,"k":0,"ix":10},"sa":{"a":0,"k":0},"o":{"a":0,"k":100,"ix":11}},"ef":[],"shapes":[{"ty":"gr","bm":0,"hd":false,"mn":"ADBE Vector Group","nm":"Ã§Â»Â 1","ix":1,"cix":2,"np":4,"it":[{"ty":"sh","bm":0,"hd":false,"mn":"ADBE Vector Shape - Group","nm":"Ã¨Â·Â¯Ã¥Â¾Â 1","ix":1,"d":1,"ks":{"a":0,"k":{"c":true,"i":[[0,-93.888],[93.889,0],[0,93.889],[-93.888,0]],"o":[[0,93.889],[-93.888,0],[0,-93.888],[93.889,0]],"v":[[170,0],[0,170],[-170,0],[0,-170]]},"ix":2}},{"ty":"fl","bm":0,"hd":false,"mn":"ADBE Vector Graphic - Fill","nm":"Ã¥Â¡Â«Ã¥ÂÂ 1","c":{"a":0,"k":[1,0.8706,0.7647],"ix":4},"r":1,"o":{"a":0,"k":100,"ix":5}},{"ty":"tr","a":{"a":0,"k":[0,0],"ix":1},"s":{"a":0,"k":[100,100],"ix":3},"sk":{"a":0,"k":0,"ix":4},"p":{"a":0,"k":[170.25,170.25],"ix":2},"r":{"a":0,"k":0,"ix":6},"sa":{"a":0,"k":0,"ix":5},"o":{"a":0,"k":100,"ix":7}}]}],"ind":4}],"v":"5.5.5","fr":25,"op":95,"ip":0,"assets":[]}