{"nm":"loading bar","ddd":0,"h":1080,"w":1920,"meta":{"g":"LottieFiles AE 0.1.20","tc":"#ffffff"},"layers":[{"ty":5,"nm":". 3","sr":1,"st":36,"op":84,"ip":60,"hd":false,"ddd":0,"bm":0,"hasMask":false,"ao":0,"ks":{"a":{"a":0,"k":[0,0,0],"ix":1},"s":{"a":0,"k":[173,173,100],"ix":6},"sk":{"a":0,"k":0},"p":{"a":0,"k":[680,427.5,0],"ix":2},"r":{"a":0,"k":0,"ix":10},"sa":{"a":0,"k":0},"o":{"a":0,"k":100,"ix":11}},"ef":[],"t":{"m":{"a":{"a":0,"k":[0,0],"ix":2},"g":1},"p":{},"a":[],"d":{"k":[{"s":{"f":"Muli-Bold","s":42,"t":".","fc":[1,1,1],"lh":50.4,"tr":30,"j":0,"ca":0},"t":0}]}},"ind":1},{"ty":5,"nm":". 2","sr":1,"st":18,"op":84,"ip":36,"hd":false,"ddd":0,"bm":0,"hasMask":false,"ao":0,"ks":{"a":{"a":0,"k":[0,0,0],"ix":1},"s":{"a":0,"k":[173,173,100],"ix":6},"sk":{"a":0,"k":0},"p":{"a":0,"k":[652.5,427.5,0],"ix":2},"r":{"a":0,"k":0,"ix":10},"sa":{"a":0,"k":0},"o":{"a":0,"k":100,"ix":11}},"ef":[],"t":{"m":{"a":{"a":0,"k":[0,0],"ix":2},"g":1},"p":{},"a":[],"d":{"k":[{"s":{"f":"Muli-Bold","s":42,"t":".","fc":[1,1,1],"lh":50.4,"tr":30,"j":0,"ca":0},"t":0}]}},"ind":2},{"ty":5,"nm":".","sr":1,"st":0,"op":84,"ip":12,"hd":false,"ddd":0,"bm":0,"hasMask":false,"ao":0,"ks":{"a":{"a":0,"k":[0,0,0],"ix":1},"s":{"a":0,"k":[173,173,100],"ix":6},"sk":{"a":0,"k":0},"p":{"a":0,"k":[624,427.676,0],"ix":2},"r":{"a":0,"k":0,"ix":10},"sa":{"a":0,"k":0},"o":{"a":0,"k":100,"ix":11}},"ef":[],"t":{"m":{"a":{"a":0,"k":[0,0],"ix":2},"g":1},"p":{},"a":[],"d":{"k":[{"s":{"f":"Muli-Bold","s":42,"t":".","fc":[1,1,1],"lh":50.4,"tr":30,"j":0,"ca":0},"t":0}]}},"ind":3},{"ty":5,"nm":"Loading ","sr":1,"st":0,"op":96,"ip":0,"hd":false,"ddd":0,"bm":0,"hasMask":false,"ao":0,"ks":{"a":{"a":0,"k":[0,0,0],"ix":1},"s":{"a":0,"k":[173,173,100],"ix":6},"sk":{"a":0,"k":0},"p":{"a":0,"k":[309.962,428.6,0],"ix":2},"r":{"a":0,"k":0,"ix":10},"sa":{"a":0,"k":0},"o":{"a":0,"k":100,"ix":11}},"ef":[],"t":{"m":{"a":{"a":0,"k":[0,0],"ix":2},"g":1},"p":{},"a":[],"d":{"k":[{"s":{"f":"Muli-Bold","s":42,"t":"Loading","fc":[1,1,1],"lh":50.4,"tr":30,"j":0,"ca":0},"t":0}]}},"ind":4},{"ty":5,"nm":"%","sr":1,"st":0,"op":96,"ip":0,"hd":false,"ddd":0,"bm":0,"hasMask":false,"ao":0,"ks":{"a":{"a":0,"k":[0,0,0],"ix":1},"s":{"a":0,"k":[173,173,100],"ix":6},"sk":{"a":0,"k":0},"p":{"a":0,"k":[1538.042,435.892,0],"ix":2},"r":{"a":0,"k":0,"ix":10},"sa":{"a":0,"k":0},"o":{"a":0,"k":100,"ix":11}},"ef":[],"t":{"m":{"a":{"a":0,"k":[0,0],"ix":2},"g":1},"p":{},"a":[],"d":{"k":[{"s":{"f":"Muli-Bold","s":42,"t":"%","fc":[1,1,1],"lh":50.4,"tr":30,"j":0,"ca":0},"t":0}]}},"ind":5},{"ty":0,"nm":"Pre-comp 1","sr":1,"st":6,"op":102,"ip":6,"hd":false,"ddd":0,"bm":0,"hasMask":false,"ao":0,"ks":{"a":{"a":0,"k":[960,540,0],"ix":1},"s":{"a":0,"k":[100,100,100],"ix":6},"sk":{"a":0,"k":0},"p":{"a":0,"k":[960,540,0],"ix":2},"r":{"a":0,"k":0,"ix":10},"sa":{"a":0,"k":0},"o":{"a":0,"k":100,"ix":11}},"ef":[],"w":1920,"h":1080,"refId":"comp_0","tm":{"a":1,"k":[{"o":{"x":0.519,"y":0},"i":{"x":0.469,"y":1},"s":[0],"t":6},{"s":[0.875],"t":54}],"ix":2},"ind":6},{"ty":4,"nm":"Shape Layer 1","sr":1,"st":0,"op":96,"ip":0,"hd":false,"ddd":0,"bm":0,"hasMask":false,"ao":0,"ks":{"a":{"a":0,"k":[-4.273,-5.349,0],"ix":1},"s":{"a":0,"k":[102.317,113.889,100],"ix":6},"sk":{"a":0,"k":0},"p":{"a":0,"k":[960,540,0],"ix":2},"r":{"a":0,"k":0,"ix":10},"sa":{"a":0,"k":0},"o":{"a":0,"k":100,"ix":11}},"ef":[],"shapes":[{"ty":"gr","bm":0,"hd":false,"mn":"ADBE Vector Group","nm":"Rectangle 1","ix":1,"cix":2,"np":3,"it":[{"ty":"rc","bm":0,"hd":false,"mn":"ADBE Vector Shape - Rect","nm":"Rectangle Path 1","d":1,"p":{"a":0,"k":[0,0],"ix":3},"r":{"a":0,"k":0,"ix":4},"s":{"a":0,"k":[1259.563,140.112],"ix":2}},{"ty":"st","bm":0,"hd":false,"mn":"ADBE Vector Graphic - Stroke","nm":"Stroke 1","lc":1,"lj":1,"ml":4,"o":{"a":0,"k":100,"ix":4},"w":{"a":0,"k":4,"ix":5},"c":{"a":0,"k":[1,1,1],"ix":3}},{"ty":"tr","a":{"a":0,"k":[0,0],"ix":1},"s":{"a":0,"k":[100,100],"ix":3},"sk":{"a":0,"k":0,"ix":4},"p":{"a":0,"k":[-4.273,-5.349],"ix":2},"r":{"a":0,"k":0,"ix":6},"sa":{"a":0,"k":0,"ix":5},"o":{"a":0,"k":100,"ix":7}}]}],"ind":7},{"ty":4,"nm":"bar","sr":1,"st":0,"op":96,"ip":0,"hd":false,"ddd":0,"bm":0,"hasMask":false,"ao":0,"ks":{"a":{"a":0,"k":[-4.054,-4.865,0],"ix":1},"s":{"a":0,"k":[100,100,100],"ix":6},"sk":{"a":0,"k":0},"p":{"a":0,"k":[960,540,0],"ix":2},"r":{"a":0,"k":0,"ix":10},"sa":{"a":0,"k":0},"o":{"a":0,"k":100,"ix":11}},"ef":[],"shapes":[{"ty":"gr","bm":0,"hd":false,"mn":"ADBE Vector Group","nm":"Shape 1","ix":1,"cix":2,"np":3,"it":[{"ty":"sh","bm":0,"hd":false,"mn":"ADBE Vector Shape - Group","nm":"Path 1","ix":1,"d":1,"ks":{"a":0,"k":{"c":false,"i":[[0,0],[0,0]],"o":[[0,0],[0,0]],"v":[[-614.595,-4.865],[606.486,-4.865]]},"ix":2}},{"ty":"st","bm":0,"hd":false,"mn":"ADBE Vector Graphic - Stroke","nm":"Stroke 1","lc":1,"lj":1,"ml":4,"o":{"a":0,"k":100,"ix":4},"w":{"a":0,"k":100,"ix":5},"c":{"a":0,"k":[0.949,0.7569,0.549],"ix":3}},{"ty":"tr","a":{"a":0,"k":[0,0],"ix":1},"s":{"a":0,"k":[100,100],"ix":3},"sk":{"a":0,"k":0,"ix":4},"p":{"a":0,"k":[0,0],"ix":2},"r":{"a":0,"k":0,"ix":6},"sa":{"a":0,"k":0,"ix":5},"o":{"a":0,"k":100,"ix":7}}]},{"ty":"tm","bm":0,"hd":false,"mn":"ADBE Vector Filter - Trim","nm":"Trim Paths 1","ix":2,"e":{"a":1,"k":[{"o":{"x":0.333,"y":0},"i":{"x":0,"y":1},"s":[0],"t":12},{"s":[100],"t":60}],"ix":2},"o":{"a":0,"k":0,"ix":3},"s":{"a":0,"k":0,"ix":1},"m":1}],"ind":8}],"v":"5.5.7","fr":24,"op":84,"ip":0,"fonts":{"list":[{"ascent":71.1410522460938,"fClass":"","fFamily":"Muli","fStyle":"Bold","fName":"Muli-Bold","fPath":"","fWeight":"","origin":0}]},"chars":[{"ch":"1","fFamily":"Muli","size":42,"style":"Bold","w":62.11,"data":{"shapes":[{"ty":"gr","bm":0,"hd":false,"mn":"ADBE Vector Group","nm":"1","ix":1,"cix":2,"np":3,"it":[{"ty":"sh","bm":0,"hd":false,"mn":"ADBE Vector Shape - Group","nm":"1","ix":1,"d":1,"ks":{"a":0,"k":{"c":true,"i":[[0,0],[0,0],[0,0],[0,0],[0,0],[4.785,-1.53],[0,0],[-4.655,2.181],[0,0],[0,0],[0,0]],"o":[[0,0],[0,0],[0,0],[0,0],[-5.632,3.093],[0,0],[4.817,-1.53],[0,0],[0,0],[0,0],[0,0]],"v":[[52.051,0],[52.051,-9.668],[39.258,-9.668],[39.258,-71.094],[28.271,-71.094],[12.646,-64.16],[12.646,-52.93],[26.855,-58.496],[26.855,-9.863],[14.307,-9.863],[14.307,0]]},"ix":2}}]}]}},{"ch":"2","fFamily":"Muli","size":42,"style":"Bold","w":62.11,"data":{"shapes":[{"ty":"gr","bm":0,"hd":false,"mn":"ADBE Vector Group","nm":"2","ix":1,"cix":2,"np":3,"it":[{"ty":"sh","bm":0,"hd":false,"mn":"ADBE Vector Shape - Group","nm":"2","ix":1,"d":1,"ks":{"a":0,"k":{"c":true,"i":[[2.571,-0.504],[1.676,-0.618],[1.595,-0.813],[0.471,-0.309],[0.26,-0.195],[0,0],[0,0],[-0.423,0.244],[-0.554,0.31],[-0.732,0.342],[-0.781,0.342],[-0.912,0.31],[-0.912,0.244],[-0.977,0.146],[-0.912,0],[-1.091,-0.293],[-0.961,-0.667],[-0.668,-1.253],[-0.293,-1.79],[0,-0.944],[0.309,-1.172],[0.358,-0.813],[1.025,-1.35],[0.618,-0.7],[1.66,-1.855],[0,0],[0,0],[0,0],[0,0],[0,0],[0,0],[-0.521,0.57],[-1.091,1.27],[-0.505,0.814],[-0.765,1.335],[-0.359,1.14],[-0.277,1.498],[0,1.562],[3.955,3.972],[6.543,0]],"o":[[-2.572,0.505],[-1.677,0.619],[-1.595,0.814],[-0.472,0.31],[0,0],[0,0],[0.227,-0.163],[0.423,-0.244],[0.553,-0.309],[0.732,-0.342],[0.781,-0.342],[0.911,-0.309],[0.911,-0.244],[0.977,-0.146],[1.367,0],[1.09,0.293],[0.96,0.668],[0.667,1.254],[0.227,1.66],[0,1.27],[-0.31,1.172],[-0.359,0.814],[-1.025,1.351],[-0.619,0.7],[0,0],[0,0],[0,0],[0,0],[0,0],[0,0],[1.237,-1.302],[0.52,-0.569],[1.09,-1.27],[0.504,-0.813],[0.764,-1.334],[0.358,-1.139],[0.276,-1.497],[0,-7.454],[-3.955,-3.971],[-2.539,0]],"v":[[21.631,-71.558],[15.259,-69.873],[10.352,-67.725],[7.251,-66.04],[6.152,-65.283],[10.303,-55.566],[10.645,-55.762],[11.621,-56.372],[13.086,-57.202],[15.015,-58.179],[17.285,-59.204],[19.824,-60.181],[22.559,-61.011],[25.391,-61.597],[28.223,-61.816],[31.909,-61.377],[34.985,-59.937],[37.427,-57.056],[38.867,-52.49],[39.209,-48.584],[38.745,-44.922],[37.744,-41.943],[35.669,-38.696],[33.203,-35.62],[29.785,-31.787],[9.229,-8.936],[9.229,0],[50.439,0],[50.439,-10.156],[24.414,-10.156],[38.574,-25.049],[41.211,-27.856],[43.628,-30.615],[46.021,-33.74],[47.925,-36.963],[49.609,-40.674],[50.562,-44.629],[50.977,-49.219],[45.044,-66.357],[29.297,-72.314]]},"ix":2}}]}]}},{"ch":"3","fFamily":"Muli","size":42,"style":"Bold","w":62.11,"data":{"shapes":[{"ty":"gr","bm":0,"hd":false,"mn":"ADBE Vector Group","nm":"3","ix":1,"cix":2,"np":3,"it":[{"ty":"sh","bm":0,"hd":false,"mn":"ADBE Vector Shape - Group","nm":"3","ix":1,"d":1,"ks":{"a":0,"k":{"c":true,"i":[[-2.849,0.977],[-2.165,1.775],[-1.286,2.718],[0,3.255],[2.653,3.174],[4.655,0.847],[-2.068,1.775],[-0.863,2.246],[0,2.507],[1.286,2.409],[2.164,1.482],[2.686,0.781],[2.995,0],[2.946,-1.009],[3.809,-2.539],[0,0],[-0.879,0.554],[-0.716,0.375],[-1.14,0.472],[-1.4,0.261],[-1.53,0],[-2.441,-1.448],[0,-2.604],[2.588,-1.66],[6.315,0],[0,0],[0,0],[0,0],[0,0],[-3.174,-1.839],[0,-3.711],[2.344,-2.002],[4.395,0],[2.75,0.814],[1.221,0.603],[0.488,0.326],[0,0],[0,0],[-1.286,-0.602],[-1.66,-0.586],[-2.523,-0.407],[-2.702,0]],"o":[[2.848,-0.977],[2.164,-1.774],[1.286,-2.718],[0,-4.264],[-2.654,-3.174],[2.995,-0.455],[2.067,-1.774],[0.862,-2.246],[0,-3.027],[-1.286,-2.409],[-2.165,-1.481],[-2.686,-0.781],[-5.078,0],[-2.946,1.009],[0,0],[0.195,-0.13],[0.879,-0.553],[0.716,-0.374],[1.139,-0.471],[1.399,-0.26],[3.19,0],[2.441,1.449],[0,4.265],[-2.588,1.66],[0,0],[0,0],[0,0],[0,0],[5.631,0],[3.174,1.839],[0,3.484],[-2.344,2.002],[-2.474,0],[-2.751,-0.813],[-1.221,-0.602],[0,0],[0,0],[0.586,0.423],[1.286,0.603],[1.66,0.586],[2.522,0.407],[3.157,0]],"v":[[39.38,-0.342],[46.899,-4.468],[52.075,-11.206],[54.004,-20.166],[50.024,-31.323],[39.062,-37.354],[46.655,-40.698],[51.05,-46.729],[52.344,-53.857],[50.415,-62.012],[45.239,-67.847],[37.964,-71.24],[29.443,-72.412],[17.407,-70.898],[7.275,-65.576],[12.793,-56.641],[14.404,-57.666],[16.797,-59.058],[19.58,-60.327],[23.389,-61.426],[27.783,-61.816],[36.23,-59.644],[39.893,-53.564],[36.011,-44.678],[22.656,-42.188],[19.141,-42.188],[19.238,-31.689],[22.363,-31.787],[23.926,-31.787],[37.134,-29.028],[41.895,-20.703],[38.379,-12.476],[28.271,-9.473],[20.435,-10.693],[14.478,-12.817],[11.914,-14.209],[8.154,-4.883],[9.033,-4.297],[11.841,-2.759],[16.26,-0.977],[22.534,0.513],[30.371,1.123]]},"ix":2}}]}]}},{"ch":"4","fFamily":"Muli","size":42,"style":"Bold","w":62.11,"data":{"shapes":[{"ty":"gr","bm":0,"hd":false,"mn":"ADBE Vector Group","nm":"4","ix":1,"cix":2,"np":5,"it":[{"ty":"sh","bm":0,"hd":false,"mn":"ADBE Vector Shape - Group","nm":"4","ix":1,"d":1,"ks":{"a":0,"k":{"c":true,"i":[[-0.716,1.14],[0,0],[0,0]],"o":[[0,0],[0,0],[10.319,-16.895]],"v":[[35.547,-55.371],[35.547,-28.32],[18.994,-28.32]]},"ix":2}},{"ty":"sh","bm":0,"hd":false,"mn":"ADBE Vector Shape - Group","nm":"4","ix":2,"d":1,"ks":{"a":0,"k":{"c":true,"i":[[0,0],[0,0],[0,0],[0,0],[0,0],[0,0],[0,0],[0,0],[0,0],[0,0],[0,0]],"o":[[0,0],[0,0],[0,0],[0,0],[0,0],[0,0],[0,0],[0,0],[0,0],[0,0],[0,0]],"v":[[47.949,0],[47.949,-18.604],[58.887,-18.604],[58.887,-28.32],[47.705,-28.32],[47.705,-71.094],[33.74,-71.094],[5.225,-27.832],[5.225,-18.604],[35.352,-18.604],[35.352,0]]},"ix":2}}]}]}},{"ch":"5","fFamily":"Muli","size":42,"style":"Bold","w":62.11,"data":{"shapes":[{"ty":"gr","bm":0,"hd":false,"mn":"ADBE Vector Group","nm":"5","ix":1,"cix":2,"np":3,"it":[{"ty":"sh","bm":0,"hd":false,"mn":"ADBE Vector Shape - Group","nm":"5","ix":1,"d":1,"ks":{"a":0,"k":{"c":true,"i":[[-2.458,0.618],[-2.197,1.318],[-1.644,1.872],[-0.961,2.67],[0,3.125],[3.889,4.59],[5.371,0],[2.311,-3.059],[0,0],[0,0],[0,0],[0,0],[0,0],[0,0],[-3.972,0],[-1.709,-2.49],[0,-3.483],[2.539,-2.376],[3.645,0],[2.799,1.449],[2.246,2.734],[0,0],[-3.955,-1.676],[-4.102,0]],"o":[[2.457,-0.618],[2.197,-1.318],[1.643,-1.871],[0.96,-2.669],[0,-6.738],[-3.89,-4.59],[-6.12,0],[0,0],[0,0],[0,0],[0,0],[0,0],[0,0],[1.465,-2.116],[2.864,0],[1.709,2.49],[0,4.395],[-2.539,2.377],[-2.67,0],[-2.8,-1.448],[0,0],[2.995,3.158],[3.955,1.676],[2.571,0]],"v":[[37.915,0.195],[44.897,-2.71],[50.659,-7.495],[54.565,-14.307],[56.006,-22.998],[50.171,-39.99],[36.279,-46.875],[23.633,-42.285],[24.219,-60.498],[52.783,-60.498],[52.783,-71.094],[13.281,-71.094],[13.281,-34.375],[25.635,-32.715],[33.789,-35.889],[40.649,-32.153],[43.213,-23.193],[39.404,-13.037],[30.127,-9.473],[21.924,-11.646],[14.355,-17.92],[7.861,-8.643],[18.286,-1.392],[30.371,1.123]]},"ix":2}}]}]}},{"ch":"6","fFamily":"Muli","size":42,"style":"Bold","w":62.11,"data":{"shapes":[{"ty":"gr","bm":0,"hd":false,"mn":"ADBE Vector Group","nm":"6","ix":1,"cix":2,"np":5,"it":[{"ty":"sh","bm":0,"hd":false,"mn":"ADBE Vector Shape - Group","nm":"6","ix":1,"d":1,"ks":{"a":0,"k":{"c":true,"i":[[1.399,0.619],[1.172,1.107],[0.716,1.742],[0,2.019],[-2.295,2.588],[-3.906,0],[-1.937,-2.571],[0,-4.004],[2.18,-2.588],[3.516,0]],"o":[[-1.4,-0.618],[-1.172,-1.106],[-0.716,-1.741],[0,-4.102],[2.295,-2.588],[3.516,0],[1.936,2.572],[0,3.906],[-2.181,2.588],[-1.433,0]],"v":[[28.955,-10.4],[25.098,-12.988],[22.266,-17.261],[21.191,-22.9],[24.634,-32.935],[33.936,-36.816],[42.114,-32.959],[45.02,-23.096],[41.748,-13.354],[33.203,-9.473]]},"ix":2}},{"ty":"sh","bm":0,"hd":false,"mn":"ADBE Vector Shape - Group","nm":"6","ix":2,"d":1,"ks":{"a":0,"k":{"c":true,"i":[[-4.427,4.574],[0,7.097],[4.182,4.281],[7.063,0],[3.483,-4.948],[-2.898,4.232],[-4.46,0],[-4.232,-3.32],[0,0],[7.487,0],[3.678,-2.018],[2.36,-3.499],[1.253,-4.606],[0,-5.305],[-1.888,-5.225],[-3.972,-2.962],[-5.697,0]],"o":[[4.427,-4.573],[0,-7.259],[-4.183,-4.28],[-5.957,0],[0.26,-6.38],[2.897,-4.231],[5.013,0],[0,0],[-4.558,-4.231],[-4.558,0],[-3.679,2.019],[-2.361,3.5],[-1.254,4.607],[0,7.097],[1.888,5.225],[3.971,2.962],[7.291,0]],"v":[[51.123,-5.737],[57.764,-23.242],[51.489,-40.552],[34.619,-46.973],[20.459,-39.551],[25.195,-55.469],[36.23,-61.816],[50.098,-56.836],[54.199,-66.064],[36.133,-72.412],[23.779,-69.385],[14.722,-61.108],[9.302,-48.95],[7.422,-34.082],[10.254,-15.601],[19.043,-3.32],[33.545,1.123]]},"ix":2}}]}]}},{"ch":"7","fFamily":"Muli","size":42,"style":"Bold","w":62.11,"data":{"shapes":[{"ty":"gr","bm":0,"hd":false,"mn":"ADBE Vector Group","nm":"7","ix":1,"cix":2,"np":3,"it":[{"ty":"sh","bm":0,"hd":false,"mn":"ADBE Vector Shape - Group","nm":"7","ix":1,"d":1,"ks":{"a":0,"k":{"c":true,"i":[[0,0],[0,0],[0,0],[0,0],[0,0],[0,0],[0,0]],"o":[[0,0],[0,0],[0,0],[0,0],[0,0],[0,0],[0,0]],"v":[[28.564,0],[56.543,-61.621],[56.543,-71.094],[7.08,-71.094],[7.08,-60.938],[42.188,-60.938],[15.283,0]]},"ix":2}}]}]}},{"ch":"8","fFamily":"Muli","size":42,"style":"Bold","w":62.21,"data":{"shapes":[{"ty":"gr","bm":0,"hd":false,"mn":"ADBE Vector Group","nm":"8","ix":1,"cix":2,"np":6,"it":[{"ty":"sh","bm":0,"hd":false,"mn":"ADBE Vector Shape - Group","nm":"8","ix":1,"d":1,"ks":{"a":0,"k":{"c":true,"i":[[1.807,1.921],[0,2.637],[-1.823,1.449],[-3.158,0],[-1.953,-1.448],[0,-2.473],[1.79,-1.969],[3.223,-0.944]],"o":[[-1.807,-1.92],[0,-2.864],[1.823,-1.448],[2.93,0],[1.953,1.449],[0,2.832],[-1.791,1.97],[-3.223,-0.846]],"v":[[23.413,-46.045],[20.703,-52.881],[23.438,-59.351],[30.908,-61.523],[38.232,-59.351],[41.162,-53.467],[38.477,-46.265],[30.957,-41.895]]},"ix":2}},{"ty":"sh","bm":0,"hd":false,"mn":"ADBE Vector Shape - Group","nm":"8","ix":2,"d":1,"ks":{"a":0,"k":{"c":true,"i":[[2.067,1.775],[0,3.288],[-2.214,2.344],[-3.484,0.781],[-2.197,-2.441],[0,-2.766],[2.067,-1.725],[3.645,0]],"o":[[-2.068,-1.774],[0,-3.157],[2.213,-2.344],[3.19,0.847],[2.197,2.441],[0,3.516],[-2.068,1.726],[-3.581,0]],"v":[[22.534,-12.378],[19.434,-19.971],[22.754,-28.223],[31.299,-32.91],[39.38,-27.979],[42.676,-20.166],[39.575,-12.305],[31.006,-9.717]]},"ix":2}},{"ty":"sh","bm":0,"hd":false,"mn":"ADBE Vector Shape - Group","nm":"8","ix":3,"d":1,"ks":{"a":0,"k":{"c":true,"i":[[-3.597,1.497],[-2.279,3.093],[0,4.167],[2.262,3.337],[3.45,1.726],[0,7.227],[4.085,3.435],[7.096,0],[4.215,-3.352],[0,-5.794],[-7.097,-4.036],[2.132,-3.108],[0,-3.938],[-2.165,-3.125],[-3.646,-1.562],[-4.655,0]],"o":[[3.596,-1.497],[2.278,-3.092],[0,-3.776],[-2.263,-3.336],[6.998,-3.418],[0,-5.989],[-4.086,-3.434],[-6.673,0],[-4.216,3.353],[0,6.869],[-3.777,1.855],[-2.132,3.109],[0,4.232],[2.164,3.125],[3.645,1.562],[4.264,0]],"v":[[42.993,-1.123],[51.807,-8.008],[55.225,-18.896],[51.831,-29.565],[43.262,-37.158],[53.76,-53.125],[47.632,-67.261],[30.859,-72.412],[14.526,-67.383],[8.203,-53.662],[18.848,-37.305],[9.985,-29.858],[6.787,-19.287],[10.034,-8.252],[18.75,-1.221],[31.201,1.123]]},"ix":2}}]}]}},{"ch":"9","fFamily":"Muli","size":42,"style":"Bold","w":62.11,"data":{"shapes":[{"ty":"gr","bm":0,"hd":false,"mn":"ADBE Vector Group","nm":"9","ix":1,"cix":2,"np":5,"it":[{"ty":"sh","bm":0,"hd":false,"mn":"ADBE Vector Shape - Group","nm":"9","ix":1,"d":1,"ks":{"a":0,"k":{"c":true,"i":[[1.969,2.425],[0,3.874],[-2.263,2.425],[-3.777,0],[-2.165,-2.36],[0,-3.418],[2.36,-2.409],[3.809,0]],"o":[[-1.97,-2.425],[0,-3.938],[2.262,-2.425],[3.58,0],[2.164,2.361],[0,4.558],[-2.361,2.409],[-3.744,0]],"v":[[20.776,-39.185],[17.822,-48.633],[21.216,-58.179],[30.273,-61.816],[38.892,-58.276],[42.139,-49.609],[38.599,-39.16],[29.346,-35.547]]},"ix":2}},{"ty":"sh","bm":0,"hd":false,"mn":"ADBE Vector Shape - Group","nm":"9","ix":2,"d":1,"ks":{"a":0,"k":{"c":true,"i":[[-4.183,3.337],[-2.116,5.827],[0,7.617],[4.346,5.908],[7.975,0],[4.459,-4.524],[0,-6.966],[-4.15,-4.264],[-6.902,0],[-2.962,4.492],[0,0],[0.879,-2.783],[1.53,-1.627],[1.888,-0.797],[2.18,0],[4.264,2.832],[0,0],[-5.469,0]],"o":[[4.182,-3.336],[2.116,-5.827],[0,-11.36],[-4.346,-5.908],[-7.357,0],[-4.46,4.525],[0,6.902],[4.15,4.265],[6.543,0],[0,0],[0,3.679],[-0.879,2.783],[-1.53,1.628],[-1.888,0.798],[-4.33,0],[0,0],[6.803,3.353],[5.729,0]],"v":[[42.114,-3.735],[51.562,-17.48],[54.736,-37.646],[48.218,-63.55],[29.736,-72.412],[12.012,-65.625],[5.322,-48.389],[11.548,-31.641],[28.125,-25.244],[42.383,-31.982],[42.383,-30.713],[41.064,-21.021],[37.451,-14.404],[32.324,-10.767],[26.221,-9.57],[13.33,-13.818],[8.838,-3.76],[27.246,1.27]]},"ix":2}}]}]}},{"ch":"0","fFamily":"Muli","size":42,"style":"Bold","w":62.11,"data":{"shapes":[{"ty":"gr","bm":0,"hd":false,"mn":"ADBE Vector Group","nm":"0","ix":1,"cix":2,"np":5,"it":[{"ty":"sh","bm":0,"hd":false,"mn":"ADBE Vector Shape - Group","nm":"0","ix":1,"d":1,"ks":{"a":0,"k":{"c":true,"i":[[-3.793,3.158],[-1.855,5.55],[0,7.455],[4.313,6.478],[7.975,0],[4.313,-6.331],[0,-11.491],[-4.379,-6.754],[-7.91,0]],"o":[[3.792,-3.157],[1.855,-5.55],[0,-11.198],[-4.314,-6.477],[-8.105,0],[-4.314,6.332],[0,11.361],[4.378,6.755],[5.371,0]],"v":[[44.8,-3.613],[53.271,-16.675],[56.055,-36.182],[49.585,-62.695],[31.152,-72.412],[12.524,-62.915],[6.055,-36.182],[12.622,-9.009],[31.055,1.123]]},"ix":2}},{"ty":"sh","bm":0,"hd":false,"mn":"ADBE Vector Shape - Group","nm":"0","ix":2,"d":1,"ks":{"a":0,"k":{"c":true,"i":[[1.66,1.302],[0.928,2.458],[0.423,3.093],[0,4.037],[-0.423,2.93],[-0.912,2.49],[-1.693,1.416],[-2.312,0],[-1.611,-1.416],[-0.896,-2.49],[-0.423,-2.93],[0,-3.45],[8.105,0]],"o":[[-1.66,-1.302],[-0.928,-2.457],[-0.423,-3.092],[0,-3.483],[0.423,-2.93],[0.911,-2.49],[1.692,-1.416],[2.213,0],[1.611,1.416],[0.895,2.49],[0.423,2.93],[0,17.773],[-2.312,0]],"v":[[25.293,-11.426],[21.411,-17.065],[19.385,-25.391],[18.75,-36.084],[19.385,-45.703],[21.387,-53.833],[25.293,-59.692],[31.299,-61.816],[37.036,-59.692],[40.796,-53.833],[42.773,-45.703],[43.408,-36.133],[31.25,-9.473]]},"ix":2}}]}]}},{"ch":"%","fFamily":"Muli","size":42,"style":"Bold","w":92.72,"data":{"shapes":[{"ty":"gr","bm":0,"hd":false,"mn":"ADBE Vector Group","nm":"%","ix":1,"cix":2,"np":8,"it":[{"ty":"sh","bm":0,"hd":false,"mn":"ADBE Vector Shape - Group","nm":"%","ix":1,"d":1,"ks":{"a":0,"k":{"c":true,"i":[[-3.288,3.467],[0,5.404],[3.32,3.581],[5.371,0],[3.288,-3.564],[0,-5.273],[-3.288,-3.483],[-5.404,0]],"o":[[3.288,-3.467],[0,-5.241],[-3.32,-3.58],[-5.371,0],[-3.288,3.564],[0,5.371],[3.288,3.484],[5.403,0]],"v":[[83.057,-4.224],[87.988,-17.529],[83.008,-30.762],[69.971,-36.133],[56.982,-30.786],[52.051,-17.529],[56.982,-4.248],[70.02,0.977]]},"ix":2}},{"ty":"sh","bm":0,"hd":false,"mn":"ADBE Vector Shape - Group","nm":"%","ix":2,"d":1,"ks":{"a":0,"k":{"c":true,"i":[[1.27,1.742],[0,3.809],[-1.237,1.791],[-2.637,0],[-1.237,-1.823],[0,-3.645],[1.286,-1.725],[2.571,0]],"o":[[-1.27,-1.741],[0,-3.678],[1.237,-1.79],[2.669,0],[1.237,1.823],[0,3.809],[-1.286,1.726],[-2.572,0]],"v":[[64.209,-9.253],[62.305,-17.578],[64.16,-25.781],[69.971,-28.467],[75.83,-25.732],[77.686,-17.529],[75.757,-9.229],[69.971,-6.641]]},"ix":2}},{"ty":"sh","bm":0,"hd":false,"mn":"ADBE Vector Shape - Group","nm":"%","ix":3,"d":1,"ks":{"a":0,"k":{"c":true,"i":[[0,0],[0,0],[0,0],[0,0]],"o":[[0,0],[0,0],[0,0],[0,0]],"v":[[28.76,0],[74.219,-71.094],[64.307,-71.094],[18.848,0]]},"ix":2}},{"ty":"sh","bm":0,"hd":false,"mn":"ADBE Vector Shape - Group","nm":"%","ix":4,"d":1,"ks":{"a":0,"k":{"c":true,"i":[[-3.223,3.255],[0,5.827],[3.239,3.353],[5.501,0],[3.223,-3.336],[0,-5.696],[-3.223,-3.271],[-5.534,0]],"o":[[3.223,-3.255],[0,-5.664],[-3.239,-3.352],[-5.534,0],[-3.223,3.337],[0,5.795],[3.223,3.271],[5.534,0]],"v":[[35.84,-39.795],[40.674,-53.418],[35.815,-66.943],[22.705,-71.973],[9.57,-66.968],[4.736,-53.418],[9.57,-39.819],[22.705,-34.912]]},"ix":2}},{"ty":"sh","bm":0,"hd":false,"mn":"ADBE Vector Shape - Group","nm":"%","ix":5,"d":1,"ks":{"a":0,"k":{"c":true,"i":[[1.27,1.726],[0,3.809],[-1.221,1.807],[-2.67,0],[-1.221,-1.823],[0,-3.678],[1.27,-1.709],[2.571,0]],"o":[[-1.27,-1.725],[0,-3.678],[1.221,-1.807],[2.669,0],[1.221,1.823],[0,3.809],[-1.27,1.709],[-2.572,0]],"v":[[16.943,-45.117],[15.039,-53.418],[16.87,-61.646],[22.705,-64.355],[28.54,-61.621],[30.371,-53.369],[28.467,-45.093],[22.705,-42.529]]},"ix":2}}]}]}},{"ch":"L","fFamily":"Muli","size":42,"style":"Bold","w":57.28,"data":{"shapes":[{"ty":"gr","bm":0,"hd":false,"mn":"ADBE Vector Group","nm":"L","ix":1,"cix":2,"np":3,"it":[{"ty":"sh","bm":0,"hd":false,"mn":"ADBE Vector Shape - Group","nm":"L","ix":1,"d":1,"ks":{"a":0,"k":{"c":true,"i":[[0,0],[0,0],[0,0],[0,0],[0,0],[0,0]],"o":[[0,0],[0,0],[0,0],[0,0],[0,0],[0,0]],"v":[[54.59,0],[54.59,-10.645],[21.68,-10.645],[21.68,-71.094],[9.277,-71.094],[9.277,0]]},"ix":2}}]}]}},{"ch":"o","fFamily":"Muli","size":42,"style":"Bold","w":62.79,"data":{"shapes":[{"ty":"gr","bm":0,"hd":false,"mn":"ADBE Vector Group","nm":"o","ix":1,"cix":2,"np":5,"it":[{"ty":"sh","bm":0,"hd":false,"mn":"ADBE Vector Shape - Group","nm":"o","ix":1,"d":1,"ks":{"a":0,"k":{"c":true,"i":[[-3.369,1.432],[-2.068,2.441],[-1.074,3.076],[0,3.484],[1.025,3.142],[2.051,2.425],[3.385,1.384],[4.362,0],[3.401,-1.399],[2.132,-2.425],[1.106,-3.141],[0,-3.613],[-1.091,-3.108],[-2.1,-2.425],[-3.418,-1.416],[-4.362,0]],"o":[[3.369,-1.432],[2.067,-2.441],[1.074,-3.076],[0,-3.711],[-1.025,-3.141],[-2.051,-2.425],[-3.386,-1.383],[-4.265,0],[-3.402,1.4],[-2.132,2.425],[-1.107,3.142],[0,3.548],[1.09,3.109],[2.1,2.425],[3.418,1.416],[4.231,0]],"v":[[43.042,-1.025],[51.196,-6.836],[55.908,-15.112],[57.52,-24.951],[55.981,-35.229],[51.367,-43.579],[43.213,-49.292],[31.592,-51.367],[20.093,-49.268],[11.792,-43.53],[6.934,-35.181],[5.273,-25.049],[6.909,-15.063],[11.694,-6.763],[19.971,-1.001],[31.641,1.123]]},"ix":2}},{"ty":"sh","bm":0,"hd":false,"mn":"ADBE Vector Shape - Group","nm":"o","ix":2,"d":1,"ks":{"a":0,"k":{"c":true,"i":[[2.1,1.595],[0.862,2.409],[0,3.027],[-0.928,2.409],[-2.084,1.514],[-3.027,0],[-2.263,-3.059],[0,-4.785],[0.504,-1.92],[1.025,-1.579],[1.79,-0.895],[2.376,0]],"o":[[-2.1,-1.595],[-0.863,-2.409],[0,-3.059],[0.928,-2.409],[2.083,-1.514],[4.459,0],[2.262,3.06],[0,2.246],[-0.505,1.921],[-1.025,1.579],[-1.791,0.896],[-3.093,0]],"v":[[23.608,-11.035],[19.165,-17.041],[17.871,-25.195],[19.263,-33.398],[23.779,-39.282],[31.445,-41.553],[41.528,-36.963],[44.922,-25.195],[44.165,-18.945],[41.87,-13.696],[37.646,-9.985],[31.396,-8.643]]},"ix":2}}]}]}},{"ch":"a","fFamily":"Muli","size":42,"style":"Bold","w":63.04,"data":{"shapes":[{"ty":"gr","bm":0,"hd":false,"mn":"ADBE Vector Group","nm":"a","ix":1,"cix":2,"np":5,"it":[{"ty":"sh","bm":0,"hd":false,"mn":"ADBE Vector Shape - Group","nm":"a","ix":1,"d":1,"ks":{"a":0,"k":{"c":true,"i":[[2.393,2.995],[0,5.013],[-2.393,2.962],[-4.492,0],[-2.263,-2.946],[0,-5.11],[2.132,-2.979],[4.688,0]],"o":[[-2.393,-2.995],[0,-5.013],[2.393,-2.962],[4.59,0],[2.262,2.946],[0,4.98],[-2.132,2.979],[-4.655,0]],"v":[[20.874,-13.135],[17.285,-25.146],[20.874,-37.109],[31.201,-41.553],[41.479,-37.134],[44.873,-25.049],[41.675,-13.11],[31.445,-8.643]]},"ix":2}},{"ty":"sh","bm":0,"hd":false,"mn":"ADBE Vector Shape - Group","nm":"a","ix":2,"d":1,"ks":{"a":0,"k":{"c":true,"i":[[-3.646,5.306],[0,0],[0,0],[0,0],[0,0],[0,0],[6.055,0],[3.288,-1.514],[2.002,-2.555],[1.041,-3.141],[0,-3.483],[-1.009,-2.995],[-1.953,-2.441],[-3.223,-1.465],[-4.07,0]],"o":[[0,0],[0,0],[0,0],[0,0],[0,0],[-3.255,-4.395],[-4.167,0],[-3.288,1.514],[-2.002,2.556],[-1.042,3.142],[0,3.288],[1.009,2.995],[1.953,2.441],[3.223,1.465],[5.859,0]],"v":[[44.189,-6.836],[44.189,0],[56.348,0],[56.348,-50.098],[44.482,-50.098],[44.482,-44.775],[30.518,-51.367],[19.336,-49.097],[11.401,-42.993],[6.836,-34.448],[5.273,-24.512],[6.787,-15.088],[11.23,-6.934],[18.994,-1.074],[29.932,1.123]]},"ix":2}}]}]}},{"ch":"d","fFamily":"Muli","size":42,"style":"Bold","w":61.87,"data":{"shapes":[{"ty":"gr","bm":0,"hd":false,"mn":"ADBE Vector Group","nm":"d","ix":1,"cix":2,"np":5,"it":[{"ty":"sh","bm":0,"hd":false,"mn":"ADBE Vector Shape - Group","nm":"d","ix":1,"d":1,"ks":{"a":0,"k":{"c":true,"i":[[1.676,0.896],[0.96,1.579],[0.471,1.921],[0,2.246],[-0.83,2.377],[-1.937,1.53],[-2.832,0],[-2.116,-3.076],[0,-4.883],[0.471,-1.888],[0.96,-1.579],[1.66,-0.895],[2.213,0]],"o":[[-1.677,-0.895],[-0.961,-1.579],[-0.472,-1.92],[0,-3.092],[0.83,-2.376],[1.936,-1.53],[4.231,0],[2.116,3.076],[0,2.181],[-0.472,1.888],[-0.961,1.579],[-1.66,0.896],[-2.214,0]],"v":[[24.78,-9.985],[20.825,-13.696],[18.677,-18.945],[17.969,-25.195],[19.214,-33.398],[23.364,-39.258],[30.518,-41.553],[40.039,-36.938],[43.213,-25],[42.505,-18.896],[40.356,-13.696],[36.426,-9.985],[30.615,-8.643]]},"ix":2}},{"ty":"sh","bm":0,"hd":false,"mn":"ADBE Vector Shape - Group","nm":"d","ix":2,"d":1,"ks":{"a":0,"k":{"c":true,"i":[[-1.823,0.52],[-1.14,0.83],[-0.684,0.781],[-0.293,0.749],[0,0],[0,0],[0,0.195],[0,0],[0,0],[0,0],[2.393,1.416],[3.45,0],[3.092,-1.448],[1.904,-2.473],[1.009,-3.157],[0,-3.548],[-4.379,-4.752],[-6.478,0]],"o":[[1.823,-0.52],[1.139,-0.83],[0.684,-0.781],[0,0],[0,0],[-0.293,-8.723],[0,0],[0,0],[0,0],[-0.945,-1.53],[-2.393,-1.416],[-3.841,0],[-3.093,1.449],[-1.904,2.474],[-1.009,3.158],[0,7.78],[4.378,4.753],[2.18,0]],"v":[[34.131,0.342],[38.574,-1.685],[41.309,-4.102],[42.773,-6.396],[42.871,0],[55.273,0],[54.834,-13.379],[54.834,-71.143],[42.822,-71.143],[42.822,-44.824],[37.817,-49.243],[29.053,-51.367],[18.652,-49.194],[11.157,-43.311],[6.787,-34.863],[5.273,-24.805],[11.841,-6.006],[28.125,1.123]]},"ix":2}}]}]}},{"ch":"i","fFamily":"Muli","size":42,"style":"Bold","w":25.59,"data":{"shapes":[{"ty":"gr","bm":0,"hd":false,"mn":"ADBE Vector Group","nm":"i","ix":1,"cix":2,"np":5,"it":[{"ty":"sh","bm":0,"hd":false,"mn":"ADBE Vector Shape - Group","nm":"i","ix":1,"d":1,"ks":{"a":0,"k":{"c":true,"i":[[0,0],[0,0],[0,0],[0,0]],"o":[[0,0],[0,0],[0,0],[0,0]],"v":[[18.652,-60.449],[18.652,-71.094],[6.934,-71.094],[6.934,-60.449]]},"ix":2}},{"ty":"sh","bm":0,"hd":false,"mn":"ADBE Vector Shape - Group","nm":"i","ix":2,"d":1,"ks":{"a":0,"k":{"c":true,"i":[[0,0],[0,0],[0,0],[0,0]],"o":[[0,0],[0,0],[0,0],[0,0]],"v":[[18.652,0],[18.652,-50.098],[6.982,-50.098],[6.982,0]]},"ix":2}}]}]}},{"ch":"n","fFamily":"Muli","size":42,"style":"Bold","w":59.77,"data":{"shapes":[{"ty":"gr","bm":0,"hd":false,"mn":"ADBE Vector Group","nm":"n","ix":1,"cix":2,"np":3,"it":[{"ty":"sh","bm":0,"hd":false,"mn":"ADBE Vector Shape - Group","nm":"n","ix":1,"d":1,"ks":{"a":0,"k":{"c":true,"i":[[0,0],[0,0],[-0.879,1.514],[-1.318,0.928],[-1.4,0.521],[-1.172,0],[-1.384,-1.839],[0,-4.427],[0,0],[0,0],[0,0],[0.879,2.995],[1.676,1.709],[2.18,0.765],[2.897,0],[2.881,-1.35],[1.725,-2.604],[0,0],[0,0],[0,0],[-0.163,-3.174],[0,-3.548],[0,0]],"o":[[0,0],[0,-1.79],[0.879,-1.514],[1.318,-0.928],[1.399,-0.52],[3.19,0],[1.383,1.839],[0,0],[0,0],[0,0],[0,-4.264],[-0.879,-2.995],[-1.677,-1.709],[-2.181,-0.764],[-2.702,0],[-2.881,1.351],[0,0],[0,0],[0,0],[0.163,1.4],[0.163,3.174],[0,0],[0,0]],"v":[[19.824,0],[19.824,-29.98],[21.143,-34.937],[24.438,-38.599],[28.516,-40.771],[32.373,-41.553],[39.233,-38.794],[41.309,-29.395],[41.309,0],[53.418,0],[53.418,-28.564],[52.1,-39.453],[48.267,-46.509],[42.48,-50.22],[34.863,-51.367],[26.489,-49.341],[19.58,-43.408],[19.58,-50.098],[6.738,-50.098],[6.982,-47.949],[7.471,-41.089],[7.715,-31.006],[7.715,0]]},"ix":2}}]}]}},{"ch":"g","fFamily":"Muli","size":42,"style":"Bold","w":60.3,"data":{"shapes":[{"ty":"gr","bm":0,"hd":false,"mn":"ADBE Vector Group","nm":"g","ix":1,"cix":2,"np":5,"it":[{"ty":"sh","bm":0,"hd":false,"mn":"ADBE Vector Shape - Group","nm":"g","ix":1,"d":1,"ks":{"a":0,"k":{"c":true,"i":[[2.051,2.832],[0,5.013],[-0.879,2.409],[-1.97,1.579],[-2.8,0],[-2.035,-3.011],[0,-4.883],[0.211,-1.448],[0.569,-1.432],[0.911,-1.025],[1.465,-0.635],[1.92,0]],"o":[[-2.051,-2.832],[0,-2.962],[0.879,-2.409],[1.969,-1.579],[4.069,0],[2.034,3.011],[0,1.628],[-0.212,1.449],[-0.57,1.433],[-0.912,1.025],[-1.465,0.635],[-4.297,0]],"v":[[21.045,-13.379],[17.969,-25.146],[19.287,-33.203],[23.56,-39.185],[30.713,-41.553],[39.868,-37.036],[42.92,-25.195],[42.603,-20.581],[41.431,-16.26],[39.209,-12.573],[35.645,-10.083],[30.566,-9.131]]},"ix":2}},{"ty":"sh","bm":0,"hd":false,"mn":"ADBE Vector Shape - Group","nm":"g","ix":2,"d":1,"ks":{"a":0,"k":{"c":true,"i":[[0,18.391],[0,0],[-0.652,4.948],[0,0],[0,0],[2.327,1.237],[3.092,0],[3.076,-1.432],[1.855,-2.473],[0.944,-3.076],[0,-3.516],[-4.46,-4.541],[-7.39,0],[-2.865,3.972],[0,0],[2.637,-2.002],[4.688,0],[4.883,2.539],[0,0],[-6.511,0]],"o":[[0,0],[0,-6.25],[0,0],[0,0],[-1.27,-1.953],[-2.328,-1.237],[-3.939,0],[-3.076,1.433],[-1.855,2.474],[-0.945,3.076],[0,7.683],[4.459,4.541],[5.501,0],[0,0],[0,4.036],[-2.637,2.002],[-5.827,0],[0,0],[6.184,2.278],[17.317,0]],"v":[[54.199,-7.178],[54.199,-33.301],[55.176,-50.098],[42.334,-50.098],[42.334,-44.727],[36.938,-49.512],[28.809,-51.367],[18.286,-49.219],[10.889,-43.359],[6.689,-35.034],[5.273,-25.146],[11.963,-6.812],[29.736,0],[42.285,-5.957],[42.285,-1.709],[38.33,7.349],[27.344,10.352],[11.279,6.543],[9.18,16.992],[28.223,20.41]]},"ix":2}}]}]}},{"ch":".","fFamily":"Muli","size":42,"style":"Bold","w":26.32,"data":{"shapes":[{"ty":"gr","bm":0,"hd":false,"mn":"ADBE Vector Group","nm":".","ix":1,"cix":2,"np":3,"it":[{"ty":"sh","bm":0,"hd":false,"mn":"ADBE Vector Shape - Group","nm":".","ix":1,"d":1,"ks":{"a":0,"k":{"c":true,"i":[[0,0],[0,0],[0,0],[0,0]],"o":[[0,0],[0,0],[0,0],[0,0]],"v":[[19.58,0],[19.58,-13.232],[5.42,-13.232],[5.42,0]]},"ix":2}}]}]}}],"assets":[{"nm":"","id":"comp_0","layers":[{"ty":5,"nm":"102","sr":1,"st":20,"op":76,"ip":20,"hd":false,"ddd":0,"bm":0,"hasMask":false,"ao":0,"ks":{"a":{"a":0,"k":[0,0,0],"ix":1},"s":{"a":0,"k":[173,173,100],"ix":6},"sk":{"a":0,"k":0},"p":{"a":0,"k":[1390.958,435.783,0],"ix":2},"r":{"a":0,"k":0,"ix":10},"sa":{"a":0,"k":0},"o":{"a":0,"k":100,"ix":11}},"ef":[],"t":{"m":{"a":{"a":0,"k":[0,0],"ix":2},"g":1},"p":{},"a":[],"d":{"k":[{"s":{"f":"Muli-Bold","s":42,"t":"1","fc":[1,1,1],"lh":50.4,"tr":30,"j":0,"ca":0},"t":21}]}},"ind":1},{"ty":5,"nm":"101","sr":1,"st":10,"op":78,"ip":10,"hd":false,"ddd":0,"bm":0,"hasMask":false,"ao":0,"ks":{"a":{"a":0,"k":[0,0,0],"ix":1},"s":{"a":0,"k":[173,173,100],"ix":6},"sk":{"a":0,"k":0},"p":{"a":0,"k":[1437.621,435.783,0],"ix":2},"r":{"a":0,"k":0,"ix":10},"sa":{"a":0,"k":0},"o":{"a":0,"k":100,"ix":11}},"ef":[],"t":{"m":{"a":{"a":0,"k":[0,0],"ix":2},"g":1},"p":{},"a":[],"d":{"k":[{"s":{"f":"Muli-Bold","s":42,"t":"1","fc":[1,1,1],"lh":50.4,"tr":30,"j":0,"ca":0},"t":11},{"s":{"f":"Muli-Bold","s":42,"t":"2","fc":[1,1,1],"lh":50.4,"tr":30,"j":0,"ca":0},"t":12},{"s":{"f":"Muli-Bold","s":42,"t":"3","fc":[1,1,1],"lh":50.4,"tr":30,"j":0,"ca":0},"t":13},{"s":{"f":"Muli-Bold","s":42,"t":"4","fc":[1,1,1],"lh":50.4,"tr":30,"j":0,"ca":0},"t":14},{"s":{"f":"Muli-Bold","s":42,"t":"5","fc":[1,1,1],"lh":50.4,"tr":30,"j":0,"ca":0},"t":15},{"s":{"f":"Muli-Bold","s":42,"t":"6","fc":[1,1,1],"lh":50.4,"tr":30,"j":0,"ca":0},"t":16},{"s":{"f":"Muli-Bold","s":42,"t":"7","fc":[1,1,1],"lh":50.4,"tr":30,"j":0,"ca":0},"t":17},{"s":{"f":"Muli-Bold","s":42,"t":"8","fc":[1,1,1],"lh":50.4,"tr":30,"j":0,"ca":0},"t":18},{"s":{"f":"Muli-Bold","s":42,"t":"9","fc":[1,1,1],"lh":50.4,"tr":30,"j":0,"ca":0},"t":19},{"s":{"f":"Muli-Bold","s":42,"t":"0","fc":[1,1,1],"lh":50.4,"tr":30,"j":0,"ca":0},"t":20}]}},"ind":2},{"ty":5,"nm":"1","sr":1,"st":0,"op":78,"ip":0,"hd":false,"ddd":0,"bm":0,"hasMask":false,"ao":0,"ks":{"a":{"a":0,"k":[0,0,0],"ix":1},"s":{"a":0,"k":[173,173,100],"ix":6},"sk":{"a":0,"k":0},"p":{"a":0,"k":[1481.958,435.783,0],"ix":2},"r":{"a":0,"k":0,"ix":10},"sa":{"a":0,"k":0},"o":{"a":0,"k":100,"ix":11}},"ef":[],"t":{"m":{"a":{"a":0,"k":[0,0],"ix":2},"g":1},"p":{},"a":[],"d":{"k":[{"s":{"f":"Muli-Bold","s":42,"t":"1","fc":[1,1,1],"lh":50.4,"tr":30,"j":0,"ca":0},"t":1},{"s":{"f":"Muli-Bold","s":42,"t":"2","fc":[1,1,1],"lh":50.4,"tr":30,"j":0,"ca":0},"t":2},{"s":{"f":"Muli-Bold","s":42,"t":"3","fc":[1,1,1],"lh":50.4,"tr":30,"j":0,"ca":0},"t":3},{"s":{"f":"Muli-Bold","s":42,"t":"4","fc":[1,1,1],"lh":50.4,"tr":30,"j":0,"ca":0},"t":4},{"s":{"f":"Muli-Bold","s":42,"t":"5","fc":[1,1,1],"lh":50.4,"tr":30,"j":0,"ca":0},"t":5},{"s":{"f":"Muli-Bold","s":42,"t":"6","fc":[1,1,1],"lh":50.4,"tr":30,"j":0,"ca":0},"t":6},{"s":{"f":"Muli-Bold","s":42,"t":"7","fc":[1,1,1],"lh":50.4,"tr":30,"j":0,"ca":0},"t":7},{"s":{"f":"Muli-Bold","s":42,"t":"8","fc":[1,1,1],"lh":50.4,"tr":30,"j":0,"ca":0},"t":8},{"s":{"f":"Muli-Bold","s":42,"t":"9","fc":[1,1,1],"lh":50.4,"tr":30,"j":0,"ca":0},"t":9},{"s":{"f":"Muli-Bold","s":42,"t":"0","fc":[1,1,1],"lh":50.4,"tr":30,"j":0,"ca":0},"t":10}]}},"ind":3}]}]}